<!--
 INSTRUCCIONES 
- Dentro del elemento "acciones" pueden haber varios elementos "acción".
- Dentro del elemento "acción" sólo hay un elemento "operaciones". 
- Dentro del elemento "operaciones" pueden haber varios elementos "operación". 
-->
<acciones>
<accion>
<nombre>Santander</nombre>
<operaciones>
<compras>
<compra>
<cantidad>25</cantidad>
<precio>5.55</precio>
</compra>
<compra>
<cantidad>50</cantidad>
<precio>5.60</precio>
</compra>
</compras>
<ventas>
<venta>
<cantidad>25</cantidad>
<precio>5.75</precio>
</venta>
<venta>
<cantidad>25</cantidad>
<precio>5.70</precio>
</venta>
</ventas>
</operaciones>
</accion>
<accion>
<nombre>OHL</nombre>
<operaciones>
<compras>
<compra>
<cantidad>50</cantidad>
<precio>5.02</precio>
</compra>
<compra>
<cantidad>25</cantidad>
<precio>5.01</precio>
</compra>
</compras>
</operaciones>
</accion>
</acciones>
